[toc]

`MySQL` 中的二进制数据类型有 `BIT` 、`BINARY`、`VARBINARY`、`TINYBLOB`、`BLOB`、`MEDIUMBLOB` 和 `LONGBLOB`。

<center><b>MySQL 中的二进制字符串类型</b></center>

| 类型名称        | 说明                 | 存储需求                |
| --------------- | -------------------- | ----------------------- |
| `BIT(M)`        | 位字段类型           | 大约（M + 7) / 8 字节   |
| `BINARY(M)`     | 固定长度二进制字符串 | M 字节                  |
| `VARBINARY(M)`  | 可变长度二进制字符串 | M + 1 字节              |
| `TINYBLOB(M)`   | 非常小的 `BLOB`      | L+1 字节，在此 L < 2^8  |
| `BLOB(M)`       | 小 `BLOB`            | L+2 字节，在此 L < 2^16 |
| `MEDIUMBLOB(M)` | 中等大小的 `BLOB`    | L+3 字节，在此 L < 2^24 |
| `LONGBLOB(M)`   | 非常大的 `BLOB`      | L+4 字节，在此 L < 2^32 |

### 1. BIT 类型

`BIT` 类型是位字段类型。`M` 表示每个值的位数，范围为 1 ~ 64。如果 `M` 被省略，默认为 1。如果为 `BIT(M)` 列分配的值的长度小于 `M` 位，就在值的左边用 0 填充。例如，为 `BIT(6)` 列分配一个值 `b'101`，其效果与分配 `b'000101'` 相同。`BIT` 数据类型用来保存位字段值。例如，以二进制的形式保存数据 13（ 13 的二进制形式为 1101），在这里需要位数至少为 4 位的 `BIT` 类型，即可以定义列类型为 `BIT(4)`，大于二进制 1111 的数据是不能插入 `BIT(4)` 类型的字段中的。

例如：

```sql
mysql> CREATE TABLE tmp12 ( b BIT(4));
Query OK, 0 rows affected (0.00 sec)

mysql> INSERT INTO tmp12 VALUES (2), (9), (15);
Query OK, 3 rows affected (0.00 sec)
Records: 3  Duplicates: 0  Warnings: 0

mysql> SELECT BIN(b+0) FROM tmp12;
+----------+
| BIN(b+0) |
+----------+
| 10       |
| 1001     |
| 1111     |
+----------+
3 rows in set (0.00 sec)
```

`b+0` 表示将二进制的结果转换为对应的数字的值，`BIN()` 函数将数字转换为二进制。

### 2. BINARY 和 VARBINARY 类型

`BINARY` 和 `VARBINARY` 类型类似于 `CHAR` 和 `VARCHAR`，不同的是它们包含二进制字节字符串。其使用读法格式如下：

```
列名称 BINARY(M)
或者
列名称 VARBINARY(M)
```

`BINARY` 类型的长度是固定的，指定长度之后，不足最大长度的，将在它们右边填充 `\0` 补齐以达到指定长度。

`VARBINARY` 类型的长度是可变的，指定好长度之后，其长度可以在 0 到最大值之间。

例如：

```sql
mysql> CREATE TABLE tmp13 (b BINARY(3), vb VARBINARY(3));
Query OK, 0 rows affected (0.01 sec)

mysql> INSERT INTO tmp13 VALUES (5, 5);
Query OK, 1 row affected (0.00 sec)

mysql> SELECT length(b), length(vb) FROM tmp13;
+-----------+------------+
| length(b) | length(vb) |
+-----------+------------+
|         3 |          1 |
+-----------+------------+
1 row in set (0.00 sec)

mysql> SELECT b, vb, b = '5', b='5\0\0', vb = '5', vb = '5\0\0' FROM tmp13;
+------+------+---------+-----------+----------+--------------+
| b    | vb   | b = '5' | b='5\0\0' | vb = '5' | vb = '5\0\0' |
+------+------+---------+-----------+----------+--------------+
| 5    | 5    |       0 |         1 |        1 |            0 |
+------+------+---------+-----------+----------+--------------+
1 row in set (0.00 sec)
```

### 3. BLOB 类型

`BLOB` 是一个二进制大对象，用来存储可变数量的数据。`BLOB` 类型分为 4 种：`TINYBLOB`、`BLOB`、`MEDIUMBLOB` 和 `LONGBLOB`，它们可容纳值的最大长度不同。

<center><b>BLOB 类型的存储范围</b></center>

| 数据类型     | 存储范围                                           |
| ------------ | -------------------------------------------------- |
| `TINYBLOB`   | 最大长度为 255 (2<sup>8</sup> -1) B                |
| `BLOB`       | 最大长度为 65535 (2<sup>16</sup> - 1)B             |
| `MEDIUMBLOB` | 最大长度为 16777215 (2<sup>24</sup> - 1)B          |
| `LONGBLOB`   | 最大长度为 4294967295 (2<sup>32</sup> - 1)B 或 4GB |

