字符串类型用来存储字符串数据，除了可以存储字符串数据之外，还可以存储其他数据，比如图片和声音的二进制数据。`MySQL` 支持两类字符型数据：文本字符串和二进制字符串。在 `MySQL` 中，文本字符串类型是指 `CHAR`、`VARCHAR`、`TEXT`、`ENUM` 和 `SET`。

<center><b>MySQL 中文本字符串数据类型</b></center>

| 类型名称     | 说明                                            | 存储需求                                                     |
| ------------ | ----------------------------------------------- | ------------------------------------------------------------ |
| `CHAR(M)`    | 固定长度非二进制字符串                          | M 字节，1≤M≥255                                              |
| `VARCHAR(M)` | 变长非二级制字符串                              | L+1 字节，在此 L≤M 和 1≤M≥255                                |
| `TINYTEXT`   | 非常小的非二进制字符串                          | L+1 字节，在此 L < 2^8                                       |
| `TEXT`       | 小的非二进制字符串                              | L+2 字节，在此 L < 2^16                                      |
| `MEDIUMTEXT` | 中等大小的非二进制字符串                        | L+3 字节，在此 L < 2^24                                      |
| `LONGTEXT`   | 大的非二进制字符串                              | L+4 字节，在此 L < 2^32                                      |
| `ENUM`       | 枚举类型，只能有一个枚举字符串值                | 1 或 2 字节，取决于枚举值的数目（最大值为 65535）            |
| `SET`        | 一个设置，字符串对象可以有零个或多个 `SET` 成员 | 1、2、3、4 或 8 字节，取决于集合成员的数量（最多为 64 个成员） |

`VARCHAR` 和 `TEXT` 类型与 `BLOB` 都是变长类型，其存储需求取决于列值的实际长度，而不是取决于类型的最大可能尺寸。例如，一个 `VARCHAR(10)` 列能保存最大长度为 10 个字符的字符串，实际的存储需要是字符串的长度 L 加上 1 字节（记录字符串的长度）。对于字符串 "abcd"，L 是 4  而存储要求的是 5 字节。

### 1. CHAR 和 VARCHAR 类型

`CHAR(M)` 为固定长度字符串，在定义时指定字符串列长。当保存时在右侧填充空格，以达到指定的长度。M 表示列长度，M 的范围是 0 ~ 255 个字符串。例如，`CHAR(4)` 定义了一个固定长度的字符串列，其包含的字符串个数最大为 4。当检索到 `CHAR` 值时，尾部的空格将被删除。

`VARCHAR(M)` 是长度可变的字符串，M 表示最大列长度。M 的范围是 0 ~ 65535。`VARCHAR` 的最大实际长度由最长的行的大小和使用的字符集确定，而其实际占用的空间为字符串的实际长度加 1。例如，`VARCHAR(50)` 定义了一个最大长度为 50 的字符串，如果插入的字符串只有 10 个字符，则实际存储的字符串为 10 个字符串和一个字符串结束字符。`VARCHAR` 在值保存和检索时尾部的空格仍保留。

<center><b>CHAR(4) 与 VARCHAR(4) 存储区别</b></center>

| 插入值   | CHAR(4) | 存储需求 | VARCHAR(4) | 存储需求 |
| -------- | ------- | -------- | ---------- | -------- |
| ''       | '    '  | 4 字节   | ''         | 1 字节   |
| 'ab'     | 'ab  '  | 4 字节   | 'ab'       | 3 字节   |
| 'abc'    | 'abc '  | 4 字节   | 'abc'      | 4 字节   |
| 'abcd'   | 'abcd'  | 4 字节   | 'abcd'     | 5 字节   |
| 'abcdef' | 'abcd'  | 4 字节   | 'abcd'     | 5 字节   |

> 提示：最后一行的值只有在使用 "不严格" 模式时，字符串才会被截断插入；如果 `MySQL` 运行在 "严格" 模式，超出列长度的值不会被保存，并且会出现错误信息 "ERROR 1406(22001): Data too long for column"，即字符串长度超过指定长度，无法插入。

例如：

```sql
mysql> CREATE TABLE tmp8 ( ch CHAR(4), vch VARCHAR(4));
Query OK, 0 rows affected (0.01 sec)

mysql> INSERT INTO tmp8 VALUES ('ab  ', 'ab  ');
Query OK, 1 row affected (0.00 sec)

mysql> SELECT concat('(', ch, ')'), concat('(', vch, ')') FROM tmp8;
+----------------------+-----------------------+
| concat('(', ch, ')') | concat('(', vch, ')') |
+----------------------+-----------------------+
| (ab)                 | (ab  )                |
+----------------------+-----------------------+
1 row in set (0.00 sec)
```

### 2. TEXT 类型

`TEXT` 列保存非二进制字符串，当保存或查询 `TEXT` 列的值时，不删除尾部空格。`TEXT` 类型分为 4 中：`TINYTEXT`、`TEXT`、`MEDIUMTEXT` 和 `LONGTEXT`。不同的 `TEXT` 类型的存储空间和数据长度不同。

（1）`TINYTEXT` 最大长度为 255(2<sup>8</sup> - 1) 字符的 `TEXT` 列。

（2）`TEXT` 最大长度为 65535 (2<sup>16</sup> - 1) 字符的 `TEXT` 列。

（3）`MEDIUMTEXT` 最大长度为 16777215 (2<sup>24</sup> - 1) 字符的 `TEXT` 列。

（4）`LONGTEXT` 最大长度为 4294967295 (2<sup>32</sup> - 1) 或 4 GB 字符的 `TEXT` 列。

### 3. ENUM 类型

`ENUM` 是一个字符串对象，其值为表创建时在列规定中枚举的一列值。语法格式如下：

````
字段名 ENUM('值1', '值2', ..., '值n')
````

`ENUM` 类型的字段在取值时，只能在指定的枚举列表中取，而且一次只能取一个。创建的成员中有空格时，其尾部的空格将自动被删除。`ENUM` 值在内部用整数表示，并且每个枚举值均有一个索引值：列表值所允许的成员值从 1 开始编号，`MySQL` 存储的就是这个索引编号，枚举最多可以有 65535 个元素。

<center><b>ENUM 类型的取值范围</b></center>

| 值     | 索引 |
| ------ | ---- |
| NULL   | NULL |
| ''     | 0    |
| first  | 1    |
| second | 2    |
| third  | 3    |

> 提示：`ENUM` 列总有一个默认值：如果将 `ENUM` 列声明为 `NULL`，`NULL` 值则为该列的一个有效值，并且默认值为 `NULL`；如果 `ENUM` 列被声明为 `NOT NULL`，其默认值为允许的列表的第一个元素。

例如：

```sql
mysql> CREATE TABLE tmp9 ( enm ENUM('first', 'second', 'third'));
Query OK, 0 rows affected (0.01 sec)

mysql> INSERT INTO tmp9 VAlUES ('first'), ('second'), ('third'), (NULL);
Query OK, 4 rows affected (0.00 sec)
Records: 4  Duplicates: 0  Warnings: 0

mysql> SELECT * FROM tmp9;
+--------+
| enm    |
+--------+
| first  |
| second |
| third  |
| NULL   |
+--------+
4 rows in set (0.00 sec)

mysql> CREATE TABLE tmp10 (soc INT, level ENUM('excellent', 'good', 'bad'));
Query OK, 0 rows affected (0.01 sec)

mysql> INSERT INTO tmp10 VALUES (70, 'good'), (90, 1), (75, 2), (50, 3);
Query OK, 4 rows affected (0.01 sec)
Records: 4  Duplicates: 0  Warnings: 0

mysql> INSERT INTO tmp10 VALUES (100, 'best');
ERROR 1265 (01000): Data truncated for column 'level' at row 1
mysql> SELECT * FROM tmp10;
+------+-----------+
| soc  | level     |
+------+-----------+
|   70 | good      |
|   90 | excellent |
|   75 | good      |
|   50 | bad       |
+------+-----------+
4 rows in set (0.00 sec)
```

### 4. SET 类型

`SET` 是一个字符串对象，可以有零或多个值。`SET` 类最多可以有 64 个成员，其值为表创建时规定的一列值。指定包括多个 `SET` 成员的 `SET` 列值时，各成员之间用逗号（,）间隔开。语法格式如下：

```
SET('值1', '值2', ..., '值n')
```

与 `ENUM` 类型相同， `SET` 值在内部用整数表示，列表中每一个值都有一个索引编号。当创建表时，`SET` 成员值的尾部空格将自动被删除。与 `ENUM` 类型不同的是，`ENUM` 类型的字段只能从定义的列值中选择一个值插入，而 `SET` 类型的列可从定义的列值中选择多个字符的联合。

如果插入 `SET` 字段中列值有重复，则 `MySQL` 自动删除重复的值；插入 `SET` 字段的值的顺序并不重要，`MySQL` 会在存入数据库时按照定义的顺序显示；如果插入了不正确的值，默认情况下，`MySQL` 将忽视这些值，并给出警告。

例如：

```sql
mysql> CREATE TABLE tmp11 (s SET( 'a', 'b', 'c', 'd'));
Query OK, 0 rows affected (0.00 sec)

mysql> INSERT INTO tmp11 VALUES ('a'), ('a,b,a'), ('c,a,d');
Query OK, 3 rows affected (0.00 sec)
Records: 3  Duplicates: 0  Warnings: 0

mysql> INSERT INTO tmp11 VALUES ('a,x,b,y');
ERROR 1265 (01000): Data truncated for column 's' at row 1
mysql> SELECT * FROM tmp11;
+-------+
| s     |
+-------+
| a     |
| a,b   |
| a,c,d |
+-------+
3 rows in set (0.00 sec)
```

