#### 
  8.2.4 查询经过计算的值


SELECT子句后不仅可以是表中的基本字段，也可以是表达式。

【范例8-3】

查询所有学生的学号、姓名，及出生年月。

&#13;
    MySQL> select sno,sname,year(now())-sage&#13;
    -> from student;&#13;

结果如下。

&#13;
    +-----+-------+------------------+&#13;
    | sno | sname | year(now())-sage |&#13;
    +-----+-------+------------------+&#13;
    | 1|刘敏 |      1996|&#13;
    | 2|周松 |      1994|&#13;
    | 3|张明 |      1995|&#13;
    | 4|孟欣 |      1994|&#13;
    +-----+-------+------------------+&#13;
    4 rows in set (0.00 sec)&#13;

查询结果中的year(now())为函数嵌套。now()函数获取系统日期，year() 函数可以获取参数的年份，year(now())的结果为系统日期的年份，year(now())-sage表达式计算的是学生的出生年份。

该查询中的表达式在查询结果中的列名为表达式本身，可以通过指定别名来改变查询结果的列标题。指定的方法是在待指定别名的字段、表达式后加空格，然后给出列别名。范例8-3中可以使用下面语句改变列的标题。

&#13;
    MySQL> select sno,sname,year(now())-sage sbir&#13;
    -> from student;&#13;

其中year(now())-sage表达式后的sbir为该表达式的别名，结果如下。

&#13;
    +-----+-------+------+&#13;
    | sno | sname | sbir |&#13;
    +-----+-------+------+&#13;
    | 1|刘敏 |1996|&#13;
    | 2|周松 |1994|&#13;
    | 3|张明 |1995|&#13;
    | 4|孟欣 |1994|&#13;
    +-----+-------+------+&#13;
    4 rows in set (0.04 sec)&#13;

