`CONCAT(s1, s2, ...)` 返回结果为连接参数产生的字符串，或许有一个或多个参数。如果有任何一个参数为 `NULL`，则返回值为 `NULL`。如果所有参数均为非二进制字符串，则结果为非二进制字符串。如果自变量中含有任一二进制字符串，则结果为一个二进制字符串。

```sql
mysql> SELECT CONCAT('MY SQL', '8.0'), CONCAT('My', NULL, 'SQL');
+-------------------------+---------------------------+
| CONCAT('MY SQL', '8.0') | CONCAT('My', NULL, 'SQL') |
+-------------------------+---------------------------+
| MY SQL8.0               | NULL                      |
+-------------------------+---------------------------+
1 row in set (0.00 sec)
```

在 `CONCAT_WS(x, s1, s2, ...)` 中，`CONCAT_WS` 代表 `CONCAT With Separator`，是 `CONCAT()` 的特殊形式。第一个参数 `x` 是其他参数的分隔符，分隔符的位置放在要连接的两个字符串之间。分隔符可以是一个字符串，也可以是其他参数。如果分隔符为 `NULL`，则结果为 `NULL`。函数会忽略任何分隔符参数后的 `NULL` 值。

```sql
mysql> SELECT CONCAT_WS('-', '1st', '2nd', '3rd'), CONCAT_WS('*', '1st', NULL, '3rd');
+-------------------------------------+------------------------------------+
| CONCAT_WS('-', '1st', '2nd', '3rd') | CONCAT_WS('*', '1st', NULL, '3rd') |
+-------------------------------------+------------------------------------+
| 1st-2nd-3rd                         | 1st*3rd                            |
+-------------------------------------+------------------------------------+
1 row in set (0.00 sec)
```

