`LOWER(str)` 或者 `LCASE(str)` 可以将字符串 `str` 中的字母字符全部转换成小写字母。

```sql
mysql> SELECT LOWER('BEAUTIFUL'), LCASE('Well');
+--------------------+---------------+
| LOWER('BEAUTIFUL') | LCASE('Well') |
+--------------------+---------------+
| beautiful          | well          |
+--------------------+---------------+
1 row in set (0.00 sec)
```

`UPPER(str)` 或者 `UCASE(str)` 可以将字符串 `str` 中的字母字符全部转换成大写字母。

```sql
mysql> SELECT UPPER('black'), UCASE('BLack');
+----------------+----------------+
| UPPER('black') | UCASE('BLack') |
+----------------+----------------+
| BLACK          | BLACK          |
+----------------+----------------+
1 row in set (0.00 sec)
```

