[toc]

### 1. 查询所有字段

#### 1.1 在 SELECT 语句中使用星号（*）通配符查询所有字段

语法格式如下：

```sql
SELECT * FROM 表名;
```

例如：

```sql
mysql> SELECT * FROM fruits;
+------+------+------------+---------+
| f_id | s_id | f_name     | f_price |
+------+------+------------+---------+
| a1   |  101 | apple      |    5.20 |
| a2   |  103 | apricot    |    2.20 |
| b1   |  101 | blackberry |   10.20 |
| b2   |  104 | berry      |    7.60 |
| b5   |  107 | xxxx       |    3.60 |
| bs1  |  102 | orange     |   11.20 |
| bs2  |  105 | melon      |    8.20 |
| c0   |  101 | cherry     |    3.20 |
| l2   |  104 | lemon      |    6.40 |
| m1   |  106 | mango      |   15.60 |
| m2   |  105 | xbabay     |    2.60 |
| m3   |  105 | xxtt       |   11.60 |
| o2   |  103 | coconut    |    9.20 |
| t1   |  102 | banana     |   10.30 |
| t2   |  102 | grape      |    5.30 |
| t4   |  107 | xbababa    |    3.60 |
+------+------+------------+---------+
16 rows in set (0.00 sec)
```

使用星号（*）通配符时，将返回所有列，列按照定义表时的顺序显示。

#### 1.2 在 SELECT 语句中指定所有字段

例如：

```sql
mysql> SELECT f_id, s_id, f_name, f_price FROM fruits;
+------+------+------------+---------+
| f_id | s_id | f_name     | f_price |
+------+------+------------+---------+
| a1   |  101 | apple      |    5.20 |
| a2   |  103 | apricot    |    2.20 |
| b1   |  101 | blackberry |   10.20 |
| b2   |  104 | berry      |    7.60 |
| b5   |  107 | xxxx       |    3.60 |
| bs1  |  102 | orange     |   11.20 |
| bs2  |  105 | melon      |    8.20 |
| c0   |  101 | cherry     |    3.20 |
| l2   |  104 | lemon      |    6.40 |
| m1   |  106 | mango      |   15.60 |
| m2   |  105 | xbabay     |    2.60 |
| m3   |  105 | xxtt       |   11.60 |
| o2   |  103 | coconut    |    9.20 |
| t1   |  102 | banana     |   10.30 |
| t2   |  102 | grape      |    5.30 |
| t4   |  107 | xbababa    |    3.60 |
+------+------+------------+---------+
16 rows in set (0.00 sec)
```

一般情况下，除非需要使用表中所有的字段数据，最好不要使用通配符 `*`。使用通配符虽然可以节省输入查询语句的时间，但是获取不需要的列数据通常会降低查询和所使用的应用程序的效率。通配符的优势是，当不知道所需要的列的名称时，可以通过它获取它们。

### 2. 查询指定字段

#### 2.1 查询单个字段

查询表中的某一个字段，语法格式为：

```sql
SELECT 列名 FROM 表名;
```

例如：

```sql
mysql> SELECT f_name FROM fruits;
+------------+
| f_name     |
+------------+
| apple      |
| apricot    |
| blackberry |
| berry      |
| xxxx       |
| orange     |
| melon      |
| cherry     |
| lemon      |
| mango      |
| xbabay     |
| xxtt       |
| coconut    |
| banana     |
| grape      |
| xbababa    |
+------------+
16 rows in set (0.00 sec)
```

#### 2.2 查询多个字段

使用 `SELECT` 声明，可以获取多个字段下的数据，只需要再关键字 `SELECT` 后面指定要查找的字段的名称，不同字段名称之间用逗号（`,`）分隔开，最后一个字段后面不需要加逗号，语法格式如下：

```sql
SELECT 字段名1, 字段名2,..., 字段名n FROM 表名;
```

例如：

```sql
mysql> SELECT f_name, f_price FROM fruits;
+------------+---------+
| f_name     | f_price |
+------------+---------+
| apple      |    5.20 |
| apricot    |    2.20 |
| blackberry |   10.20 |
| berry      |    7.60 |
| xxxx       |    3.60 |
| orange     |   11.20 |
| melon      |    8.20 |
| cherry     |    3.20 |
| lemon      |    6.40 |
| mango      |   15.60 |
| xbabay     |    2.60 |
| xxtt       |   11.60 |
| coconut    |    9.20 |
| banana     |   10.30 |
| grape      |    5.30 |
| xbababa    |    3.60 |
+------------+---------+
16 rows in set (0.00 sec)
```

> 提示：
>
> MySQL 中的 SQL 语句是不区分大小写的，因此 `SELECT` 和 `select` 的作用是相同的，但是，许多开发人员习惯将关键字大写、数据列和表名小写。

### 3. 查询指定记录

在 `SELECT` 语句中，通过 `WHERE` 子句可以对数据进行过滤，语法格式为：

```sql
SELECT 字段名1, 字段名2,..., 字段名n FROM 表名 WHERE 查询条件
```

在 `WHERE` 子句中，`MySQL` 提供了一系列的条件判断符：

| 操作符  | 说明         |
| ------- | ------------ |
| =       | 相等         |
| <>, !=  | 不相等       |
| <       | 小于         |
| <=      | 小于等于     |
| >       | 大于         |
| >=      | 大于等于     |
| BETWEEN | 位于两值之间 |

例如：

```sql
mysql> SELECT f_name, f_price FROM fruits WHERE f_name='apple';
+--------+---------+
| f_name | f_price |
+--------+---------+
| apple  |    5.20 |
+--------+---------+
1 row in set (0.00 sec)

mysql> SELECT f_name, f_price FROM fruits WHERE f_price < 10;
+---------+---------+
| f_name  | f_price |
+---------+---------+
| apple   |    5.20 |
| apricot |    2.20 |
| berry   |    7.60 |
| xxxx    |    3.60 |
| melon   |    8.20 |
| cherry  |    3.20 |
| lemon   |    6.40 |
| xbabay  |    2.60 |
| coconut |    9.20 |
| grape   |    5.30 |
| xbababa |    3.60 |
+---------+---------+
11 rows in set (0.00 sec)

mysql> SELECT f_name, f_price FROM fruits WHERE f_price BETWEEN 5 AND 8;
+--------+---------+
| f_name | f_price |
+--------+---------+
| apple  |    5.20 |
| berry  |    7.60 |
| lemon  |    6.40 |
| grape  |    5.30 |
+--------+---------+
4 rows in set (0.00 sec)
```

### 4. 带 IN 关键字的查询

`IN` 操作符用来查询满足指定范围内的条件的记录，使用 `IN` 操作符，将所有检索条件用括号括起来，检索条件之间用逗号分隔开，只要满足条件范围内的一个值即为匹配项。

```sql
mysql> SELECT s_id, f_name, f_price FROM fruits WHERE s_id IN (101, 102) ORDER BY f_name;
+------+------------+---------+
| s_id | f_name     | f_price |
+------+------------+---------+
|  101 | apple      |    5.20 |
|  102 | banana     |   10.30 |
|  101 | blackberry |   10.20 |
|  101 | cherry     |    3.20 |
|  102 | grape      |    5.30 |
|  102 | orange     |   11.20 |
+------+------------+---------+
6 rows in set (0.00 sec)
```

相反，可以使用关键字 `NOT` 来检索不在条件范围内的记录：

```sql
mysql> SELECT s_id, f_name, f_price FROM fruits WHERE s_id NOT IN (101, 102) ORD
ER BY f_name;
+------+---------+---------+
| s_id | f_name  | f_price |
+------+---------+---------+
|  103 | apricot |    2.20 |
|  104 | berry   |    7.60 |
|  103 | coconut |    9.20 |
|  104 | lemon   |    6.40 |
|  106 | mango   |   15.60 |
|  105 | melon   |    8.20 |
|  107 | xbababa |    3.60 |
|  105 | xbabay  |    2.60 |
|  105 | xxtt    |   11.60 |
|  107 | xxxx    |    3.60 |
+------+---------+---------+
10 rows in set (0.00 sec)
```

### 5. 带 BETWEEN AND 的范围查询

`BETWEEN AND` 用来查询某个范围内的值，该操作符需要两个参数，即范围的开始值和结束值，如果字段值满足指定的范围查询条件，则这些记录被返回。

```sql
mysql> SELECT f_name, f_price FROM fruits WHERE f_price BETWEEN 2.00 AND 10.20;
+------------+---------+
| f_name     | f_price |
+------------+---------+
| apple      |    5.20 |
| apricot    |    2.20 |
| blackberry |   10.20 |
| berry      |    7.60 |
| xxxx       |    3.60 |
| melon      |    8.20 |
| cherry     |    3.20 |
| lemon      |    6.40 |
| xbabay     |    2.60 |
| coconut    |    9.20 |
| grape      |    5.30 |
| xbababa    |    3.60 |
+------------+---------+
12 rows in set (0.00 sec)
```

可以看到，返回结果包含了价格从 2.00 元到 10.20 元之间的字段值，并且端点值 10.20 也包括在返回结果中，即 `BETWEEN` 匹配范围中的所有值，包括开始值和结束值。

`BETWEEN AND` 操作符前可以加关键字 `NOT`，表示指定范围之外的值，如果字段值不满足指定的范围内的值，则这些记录被返回。

```sql
mysql> SELECT f_name, f_price FROM fruits WHERE f_price NOT BETWEEN 2.00 AND 10.
20;
+--------+---------+
| f_name | f_price |
+--------+---------+
| orange |   11.20 |
| mango  |   15.60 |
| xxtt   |   11.60 |
| banana |   10.30 |
+--------+---------+
4 rows in set (0.00 sec)
```

### 6. 带 LIKE 的字符匹配查询

如果要查找所有包含字符 "ge" 的水果名称，该如何查找呢？简单的比较操作在这里已经行不通了，需要使用通配符进行匹配查找，通过创建查找模式对表中的数据进行比较。执行这个任务的关键字是 `LIKE`。

通配符是一种在 SQL 的 `WHERE` 条件子句中拥有特殊意思的字符。SQL 语句中支持多种通配符，可以和 `LIKE` 一起使用的通配符有 `%` 和 `_`。

#### 6.1 百分号通配符 '%'，匹配任意长度的字符，甚至包括零字符

```sql
mysql> SELECT f_id, f_name FROM fruits WHERE f_name LIKE 'b%';
+------+------------+
| f_id | f_name     |
+------+------------+
| b1   | blackberry |
| b2   | berry      |
| t1   | banana     |
+------+------------+
3 rows in set (0.00 sec)
```

