[toc]

### 1. 查询所有字段

#### 1.1 在 SELECT 语句中使用星号（*）通配符查询所有字段

语法格式如下：

```sql
SELECT * FROM 表名;
```

例如：

```sql
mysql> SELECT * FROM fruits;
+------+------+------------+---------+
| f_id | s_id | f_name     | f_price |
+------+------+------------+---------+
| a1   |  101 | apple      |    5.20 |
| a2   |  103 | apricot    |    2.20 |
| b1   |  101 | blackberry |   10.20 |
| b2   |  104 | berry      |    7.60 |
| b5   |  107 | xxxx       |    3.60 |
| bs1  |  102 | orange     |   11.20 |
| bs2  |  105 | melon      |    8.20 |
| c0   |  101 | cherry     |    3.20 |
| l2   |  104 | lemon      |    6.40 |
| m1   |  106 | mango      |   15.60 |
| m2   |  105 | xbabay     |    2.60 |
| m3   |  105 | xxtt       |   11.60 |
| o2   |  103 | coconut    |    9.20 |
| t1   |  102 | banana     |   10.30 |
| t2   |  102 | grape      |    5.30 |
| t4   |  107 | xbababa    |    3.60 |
+------+------+------------+---------+
16 rows in set (0.00 sec)
```

使用星号（*）通配符时，将返回所有列，列按照定义表时的顺序显示。

#### 1.2 在 SELECT 语句中指定所有字段

例如：

```sql
mysql> SELECT f_id, s_id, f_name, f_price FROM fruits;
+------+------+------------+---------+
| f_id | s_id | f_name     | f_price |
+------+------+------------+---------+
| a1   |  101 | apple      |    5.20 |
| a2   |  103 | apricot    |    2.20 |
| b1   |  101 | blackberry |   10.20 |
| b2   |  104 | berry      |    7.60 |
| b5   |  107 | xxxx       |    3.60 |
| bs1  |  102 | orange     |   11.20 |
| bs2  |  105 | melon      |    8.20 |
| c0   |  101 | cherry     |    3.20 |
| l2   |  104 | lemon      |    6.40 |
| m1   |  106 | mango      |   15.60 |
| m2   |  105 | xbabay     |    2.60 |
| m3   |  105 | xxtt       |   11.60 |
| o2   |  103 | coconut    |    9.20 |
| t1   |  102 | banana     |   10.30 |
| t2   |  102 | grape      |    5.30 |
| t4   |  107 | xbababa    |    3.60 |
+------+------+------------+---------+
16 rows in set (0.00 sec)
```

一般情况下，除非需要使用表中所有的字段数据，最好不要使用通配符 `*`。使用通配符虽然可以节省输入查询语句的时间，但是获取不需要的列数据通常会降低查询和所使用的应用程序的效率。通配符的优势是，当不知道所需要的列的名称时，可以通过它获取它们。

### 2. 查询指定字段

#### 2.1 查询单个字段

查询表中的某一个字段，语法格式为：

```sql
SELECT 列名 FROM 表名;
```

例如：

```sql
mysql> SELECT f_name FROM fruits;
+------------+
| f_name     |
+------------+
| apple      |
| apricot    |
| blackberry |
| berry      |
| xxxx       |
| orange     |
| melon      |
| cherry     |
| lemon      |
| mango      |
| xbabay     |
| xxtt       |
| coconut    |
| banana     |
| grape      |
| xbababa    |
+------------+
16 rows in set (0.00 sec)
```

#### 2.2 查询多个字段

使用 `SELECT` 声明，可以获取多个字段下的数据，只需要再关键字 `SELECT` 后面指定要查找的字段的名称，不同字段名称之间用逗号（`,`）分隔开，最后一个字段后面不需要加逗号，语法格式如下：

```sql
SELECT 字段名1, 字段名2,..., 字段名n FROM 表名;
```

例如：

```sql
mysql> SELECT f_name, f_price FROM fruits;
+------------+---------+
| f_name     | f_price |
+------------+---------+
| apple      |    5.20 |
| apricot    |    2.20 |
| blackberry |   10.20 |
| berry      |    7.60 |
| xxxx       |    3.60 |
| orange     |   11.20 |
| melon      |    8.20 |
| cherry     |    3.20 |
| lemon      |    6.40 |
| mango      |   15.60 |
| xbabay     |    2.60 |
| xxtt       |   11.60 |
| coconut    |    9.20 |
| banana     |   10.30 |
| grape      |    5.30 |
| xbababa    |    3.60 |
+------------+---------+
16 rows in set (0.00 sec)
```

> 提示：
>
> MySQL 中的 SQL 语句是不区分大小写的，因此 `SELECT` 和 `select` 的作用是相同的，但是，许多开发人员习惯将关键字大写、数据列和表名小写。

### 3. 查询指定记录

在 `SELECT` 语句中，通过 `WHERE` 子句可以对数据进行过滤，语法格式为：

```sql
SELECT 字段名1, 字段名2,..., 字段名n FROM 表名 WHERE 查询条件
```

在 `WHERE` 子句中，`MySQL` 提供了一系列的条件判断符：

| 操作符  | 说明         |
| ------- | ------------ |
| =       | 相等         |
| <>, !=  | 不相等       |
| <       | 小于         |
| <=      | 小于等于     |
| >       | 大于         |
| >=      | 大于等于     |
| BETWEEN | 位于两值之间 |

例如：

```sql
mysql> SELECT f_name, f_price FROM fruits WHERE f_name='apple';
+--------+---------+
| f_name | f_price |
+--------+---------+
| apple  |    5.20 |
+--------+---------+
1 row in set (0.00 sec)

mysql> SELECT f_name, f_price FROM fruits WHERE f_price < 10;
+---------+---------+
| f_name  | f_price |
+---------+---------+
| apple   |    5.20 |
| apricot |    2.20 |
| berry   |    7.60 |
| xxxx    |    3.60 |
| melon   |    8.20 |
| cherry  |    3.20 |
| lemon   |    6.40 |
| xbabay  |    2.60 |
| coconut |    9.20 |
| grape   |    5.30 |
| xbababa |    3.60 |
+---------+---------+
11 rows in set (0.00 sec)

mysql> SELECT f_name, f_price FROM fruits WHERE f_price BETWEEN 5 AND 8;
+--------+---------+
| f_name | f_price |
+--------+---------+
| apple  |    5.20 |
| berry  |    7.60 |
| lemon  |    6.40 |
| grape  |    5.30 |
+--------+---------+
4 rows in set (0.00 sec)
```

### 4. 带 IN 关键字的查询

`IN` 操作符用来查询满足指定范围内的条件的记录，使用 `IN` 操作符，将所有检索条件用括号括起来，检索条件之间用逗号分隔开，只要满足条件范围内的一个值即为匹配项。

```sql
mysql> SELECT s_id, f_name, f_price FROM fruits WHERE s_id IN (101, 102) ORDER BY f_name;
+------+------------+---------+
| s_id | f_name     | f_price |
+------+------------+---------+
|  101 | apple      |    5.20 |
|  102 | banana     |   10.30 |
|  101 | blackberry |   10.20 |
|  101 | cherry     |    3.20 |
|  102 | grape      |    5.30 |
|  102 | orange     |   11.20 |
+------+------------+---------+
6 rows in set (0.00 sec)
```

相反，可以使用关键字 `NOT` 来检索不在条件范围内的记录：

```sql
mysql> SELECT s_id, f_name, f_price FROM fruits WHERE s_id NOT IN (101, 102) ORD
ER BY f_name;
+------+---------+---------+
| s_id | f_name  | f_price |
+------+---------+---------+
|  103 | apricot |    2.20 |
|  104 | berry   |    7.60 |
|  103 | coconut |    9.20 |
|  104 | lemon   |    6.40 |
|  106 | mango   |   15.60 |
|  105 | melon   |    8.20 |
|  107 | xbababa |    3.60 |
|  105 | xbabay  |    2.60 |
|  105 | xxtt    |   11.60 |
|  107 | xxxx    |    3.60 |
+------+---------+---------+
10 rows in set (0.00 sec)
```

### 5. 带 BETWEEN AND 的范围查询

`BETWEEN AND` 用来查询某个范围内的值，该操作符需要两个参数，即范围的开始值和结束值，如果字段值满足指定的范围查询条件，则这些记录被返回。

```sql
mysql> SELECT f_name, f_price FROM fruits WHERE f_price BETWEEN 2.00 AND 10.20;
+------------+---------+
| f_name     | f_price |
+------------+---------+
| apple      |    5.20 |
| apricot    |    2.20 |
| blackberry |   10.20 |
| berry      |    7.60 |
| xxxx       |    3.60 |
| melon      |    8.20 |
| cherry     |    3.20 |
| lemon      |    6.40 |
| xbabay     |    2.60 |
| coconut    |    9.20 |
| grape      |    5.30 |
| xbababa    |    3.60 |
+------------+---------+
12 rows in set (0.00 sec)
```

可以看到，返回结果包含了价格从 2.00 元到 10.20 元之间的字段值，并且端点值 10.20 也包括在返回结果中，即 `BETWEEN` 匹配范围中的所有值，包括开始值和结束值。

`BETWEEN AND` 操作符前可以加关键字 `NOT`，表示指定范围之外的值，如果字段值不满足指定的范围内的值，则这些记录被返回。

```sql
mysql> SELECT f_name, f_price FROM fruits WHERE f_price NOT BETWEEN 2.00 AND 10.
20;
+--------+---------+
| f_name | f_price |
+--------+---------+
| orange |   11.20 |
| mango  |   15.60 |
| xxtt   |   11.60 |
| banana |   10.30 |
+--------+---------+
4 rows in set (0.00 sec)
```

### 6. 带 LIKE 的字符匹配查询

如果要查找所有包含字符 "ge" 的水果名称，该如何查找呢？简单的比较操作在这里已经行不通了，需要使用通配符进行匹配查找，通过创建查找模式对表中的数据进行比较。执行这个任务的关键字是 `LIKE`。

通配符是一种在 SQL 的 `WHERE` 条件子句中拥有特殊意思的字符。SQL 语句中支持多种通配符，可以和 `LIKE` 一起使用的通配符有 `%` 和 `_`。

#### 6.1 百分号通配符 '%'，匹配任意长度的字符，甚至包括零字符

```sql
mysql> SELECT f_id, f_name FROM fruits WHERE f_name LIKE 'b%';
+------+------------+
| f_id | f_name     |
+------+------------+
| b1   | blackberry |
| b2   | berry      |
| t1   | banana     |
+------+------------+
3 rows in set (0.00 sec)
```

在搜索匹配时通配符 `%` 可以放在不同位置：

```sql
mysql> SELECT f_id, f_name FROM fruits WHERE f_name LIKE '%g%';
+------+--------+
| f_id | f_name |
+------+--------+
| bs1  | orange |
| m1   | mango  |
| t2   | grape  |
+------+--------+
3 rows in set (0.03 sec)
```

#### 2. 下划线通配符 '_', 一次只能匹配任意一个字符

另一个非常有用的通配符是下划线通配符 `_`。该通配符只能匹配任意单个字符。如果要匹配多个字符，则需要使用相同个数的 `_`。

```sql
mysql> SELECT f_id, f_name FROM fruits WHERE f_name LIKE '____y';
+------+--------+
| f_id | f_name |
+------+--------+
| b2   | berry  |
+------+--------+
1 row in set (0.00 sec)
```

### 7. 查询空值

数据表创建的时候，设计者可以指定某列中是否包含空值（NULL）。空值不同于 0，也不同于空字符串。空值一般表示数据未知、不适用或将在以后添加数据。在 `SELECT` 语句中使用 `IS NULL` 子句，可以查询某字段内容为空记录。

下面再数据库中创建数据表 customers，并插入需要的数据：

```sql
CREATE TABLE customers
(
  c_id      int       NOT NULL AUTO_INCREMENT,
  c_name    char(50)  NOT NULL,
  c_address char(50)  NULL,
  c_city    char(50)  NULL,
  c_zip     char(10)  NULL,
  c_contact char(50)  NULL,
  c_email   char(255) NULL,
  PRIMARY KEY (c_id)
);

INSERT INTO customers(c_id, c_name, c_address, c_city, 
c_zip,  c_contact, c_email) 
VALUES(10001, 'RedHook', '200 Street ', 'Tianjin', 
 '300000',  'LiMing', 'LMing@163.com'),
(10002, 'Stars', '333 Fromage Lane',
 'Dalian', '116000',  'Zhangbo','Jerry@hotmail.com'),
(10003, 'Netbhood', '1 Sunny Place', 'Qingdao',  '266000',
 'LuoCong', NULL),
(10004, 'JOTO', '829 Riverside Drive', 'Haikou', 
 '570000',  'YangShan', 'sam@hotmail.com');
```

例如：

```sql
mysql> SELECT c_id, c_name, c_email FROM customers WHERE c_email IS NULL;
+-------+----------+---------+
| c_id  | c_name   | c_email |
+-------+----------+---------+
| 10003 | Netbhood | NULL    |
+-------+----------+---------+
1 row in set (0.00 sec)
```

与 `IS NULL` 相反的是 `IS NOT NULL`，该关键字查找字段不为空的记录：

```sql
mysql> SELECT c_id, c_name, c_email FROM customers WHERE c_email IS NOT NULL;
+-------+---------+-------------------+
| c_id  | c_name  | c_email           |
+-------+---------+-------------------+
| 10001 | RedHook | LMing@163.com     |
| 10002 | Stars   | Jerry@hotmail.com |
| 10004 | JOTO    | sam@hotmail.com   |
+-------+---------+-------------------+
3 rows in set (0.00 sec)
```

### 8. 带 AND 的多条件查询

使用 `SELECT` 查询时，可以增加查询的限制条件，这样可以使查询的结果更加精确。MySQL 在 `WHERE` 子句中使用 `AND` 操作父限定只有满足所有查询条件的记录才会被返回。可以使用 `AND` 连接两个甚至多个查询条件，多个条件表达式之间用 `AND` 分开。

```sql
mysql> SELECT f_id, f_price, f_name FROM fruits WHERE s_id = '101' AND f_price >= 5;
+------+---------+------------+
| f_id | f_price | f_name     |
+------+---------+------------+
| a1   |    5.20 | apple      |
| b1   |   10.20 | blackberry |
+------+---------+------------+
2 rows in set (0.00 sec)

mysql> SELECT f_id, f_price, f_name FROM fruits WHERE s_id IN('101', '102') AND
f_price >= 5 AND f_name = 'apple';
+------+---------+--------+
| f_id | f_price | f_name |
+------+---------+--------+
| a1   |    5.20 | apple  |
+------+---------+--------+
1 row in set (0.00 sec)
```

### 9. 带 OR  的多条件查询

与 `AND` 相反，在 `WHERE` 声明中使用 `OR` 操作符，表示只需要满足其中一个条件的记录即可返回。`OR` 也可以连接两个甚至多个查询条件，多个条件表达式之间用 `OR` 分开。

```sql
mysql> SELECT s_id, f_name, f_price FROM fruits WHERE s_id = 101 OR s_id = 102;
+------+------------+---------+
| s_id | f_name     | f_price |
+------+------------+---------+
|  101 | apple      |    5.20 |
|  101 | blackberry |   10.20 |
|  102 | orange     |   11.20 |
|  101 | cherry     |    3.20 |
|  102 | banana     |   10.30 |
|  102 | grape      |    5.30 |
+------+------------+---------+
6 rows in set (0.00 sec)
```

在这里，也可以使用 `IN` 操作符实现与 `OR` 相同的功能：

```sql
mysql> SELECT s_id, f_name, f_price FROM fruits WHERE s_id IN(101, 102);
+------+------------+---------+
| s_id | f_name     | f_price |
+------+------------+---------+
|  101 | apple      |    5.20 |
|  101 | blackberry |   10.20 |
|  102 | orange     |   11.20 |
|  101 | cherry     |    3.20 |
|  102 | banana     |   10.30 |
|  102 | grape      |    5.30 |
+------+------------+---------+
6 rows in set (0.00 sec)
```

> 提示：
>
> `OR` 可以和 `AND` 一起使用，但是在使用时要注意两者的优先级，由于 `AND` 的优先级高于 `OR`，因此先对 `AND` 两边的操作数进行操作，再与 `OR` 中的操作数结合。也可以使用圆括号 `()` 指定优先级。

### 10. 查询结果不重复

有时出于对数据分析的要求，需要消除重复的记录值，该如何操作呢？在 `SELECT` 语句中，可以使用 `DISTINCT` 关键字指示 MySQL 消除重复的记录值。语法格式为：

```sql
SELECT DISTINCT 字段名 FROM 表名;
```

例如：

```sql
mysql> SELECT DISTINCT s_id FROM fruits;
+------+
| s_id |
+------+
|  101 |
|  103 |
|  104 |
|  107 |
|  102 |
|  105 |
|  106 |
+------+
7 rows in set (0.00 sec)
```

### 11. 对查询结果排序

MySQL 可以通过在 `SELECT` 语句中使用 `ORDER BY` 子句对查询的结果进行排序。

#### 11.1 单列排序

下面使用 `ORDER BY` 子句对指定的列数据进行排序：

```sql
mysql> SELECT f_name FROM fruits ORDER BY f_name;
+------------+
| f_name     |
+------------+
| apple      |
| apricot    |
| banana     |
| berry      |
| blackberry |
| cherry     |
| coconut    |
| grape      |
| lemon      |
| mango      |
| melon      |
| orange     |
| xbababa    |
| xbabay     |
| xxtt       |
| xxxx       |
+------------+
16 rows in set (0.00 sec)
```

#### 11.2 多列排序

有时，需要根据多列值进行排序。比如，如果要显示一个学生列表，可能会有多个学生的姓氏是相同的，因此还需要根据学生的名进行排序。对多列数据进行排序，要将需要排序的列之间用逗号隔开。

```sql
mysql> SELECT f_name, f_price FROM fruits ORDER BY f_name, f_price;
+------------+---------+
| f_name     | f_price |
+------------+---------+
| apple      |    5.20 |
| apricot    |    2.20 |
| banana     |   10.30 |
| berry      |    7.60 |
| blackberry |   10.20 |
| cherry     |    3.20 |
| coconut    |    9.20 |
| grape      |    5.30 |
| lemon      |    6.40 |
| mango      |   15.60 |
| melon      |    8.20 |
| orange     |   11.20 |
| xbababa    |    3.60 |
| xbabay     |    2.60 |
| xxtt       |   11.60 |
| xxxx       |    3.60 |
+------------+---------+
16 rows in set (0.00 sec)
```

> 提示：
>
> 在对多列进行排序的时候，首先排序的第一列必须有相同的列值，才会对第二列进行排序。如果第一列数据中所有值都是唯一的，将不再对第二列进行排序。

#### 11.3 指定排序方向

默认情况下，查询数据按字母升序进行排序（A ~ Z），但数据的排序并不仅限于此，还可以使用 `OREDER BY` 对查询结果进行降序排序（Z ~ A）。这可以通过关键字 `DESC` 实现，下面的例子表明了如何进行降序排序：

```sql
mysql> SELECT f_name, f_price FROM fruits ORDER BY f_price DESC;
+------------+---------+
| f_name     | f_price |
+------------+---------+
| mango      |   15.60 |
| xxtt       |   11.60 |
| orange     |   11.20 |
| banana     |   10.30 |
| blackberry |   10.20 |
| coconut    |    9.20 |
| melon      |    8.20 |
| berry      |    7.60 |
| lemon      |    6.40 |
| grape      |    5.30 |
| apple      |    5.20 |
| xxxx       |    3.60 |
| xbababa    |    3.60 |
| cherry     |    3.20 |
| xbabay     |    2.60 |
| apricot    |    2.20 |
+------------+---------+
16 rows in set (0.01 sec)
```

> 提示：
>
> 与 `DESC` 相反的是 `ASC`（升序），将字段列中的数据按字母表顺序排列。实际上，在排序的时候 `ASC` 是默认的排序方式，所以加不加都可以。

也可以对多列进行不同的顺序排序：

```sql
mysql> SELECT f_name, f_price FROM fruits ORDER BY f_price DESC, f_name;
+------------+---------+
| f_name     | f_price |
+------------+---------+
| mango      |   15.60 |
| xxtt       |   11.60 |
| orange     |   11.20 |
| banana     |   10.30 |
| blackberry |   10.20 |
| coconut    |    9.20 |
| melon      |    8.20 |
| berry      |    7.60 |
| lemon      |    6.40 |
| grape      |    5.30 |
| apple      |    5.20 |
| xbababa    |    3.60 |
| xxxx       |    3.60 |
| cherry     |    3.20 |
| xbabay     |    2.60 |
| apricot    |    2.20 |
+------------+---------+
16 rows in set (0.01 sec)
```

> 提示：
>
> 如果要对多列都进行降序排列，必须要在每一列的列名后面加 `DESC` 关键字。

### 12. 分组查询

分组查询是对数据按照某个或多个字段进行分组。MySQL 中使用 `GROUP BY` 关键字对数据进行分组，基本语法形式为：

```sql
[GROUP BY 字段] [HAVING <条件表达式>]
```

字段值为进行分组时所依据的列名称；"HAVING <条件表达式>" 指定满足表达式限定条件的结果将被显示。

#### 12.1 创建分组

`GROUP BY` 关键字通常和集合函数一起使用，比如 `MAX()`、`MIN()`、`COUNT()`、`SUM()`、`AVG()`。例如，要返回每个水果供应商提供的水果种类，这时就要在分组过程中用到 `COUNT()` 函数，把数据分为多个逻辑组，并对每个组进行集合计算：

```sql
mysql> SELECT s_id, COUNT(*) AS Total FROM fruits GROUP BY s_id;
+------+-------+
| s_id | Total |
+------+-------+
|  101 |     3 |
|  102 |     3 |
|  103 |     2 |
|  104 |     2 |
|  105 |     3 |
|  106 |     1 |
|  107 |     2 |
+------+-------+
7 rows in set (0.00 sec)
```

如果要查看每个供应商提供的水果的种类名称，该怎么办呢？在 MySQL 中，可以在 `GROUP BY` 子句中使用 `GROUP_CONCAT()` 函数，将每个分组中各个字段的值显示出来。

```sql
mysql> SELECT s_id, GROUP_CONCAT(f_name) AS Names FROM fruits GROUP BY s_id;
+------+-------------------------+
| s_id | Names                   |
+------+-------------------------+
|  101 | apple,blackberry,cherry |
|  102 | orange,banana,grape     |
|  103 | apricot,coconut         |
|  104 | berry,lemon             |
|  105 | melon,xbabay,xxtt       |
|  106 | mango                   |
|  107 | xxxx,xbababa            |
+------+-------------------------+
7 rows in set (0.00 sec)
```

#### 12.2 使用 HAVING 过滤分组

`GROUP BY` 可以和 `HAVING` 一起限定显示记录所需满足的条件，只有满足条件的分组才会被显示。

```sql
mysql> SELECT s_id, GROUP_CONCAT(f_name) AS Names FROM fruits GROUP BY s_id HAVING COUNT(f_name) > 1;
+------+-------------------------+
| s_id | Names                   |
+------+-------------------------+
|  101 | apple,blackberry,cherry |
|  102 | orange,banana,grape     |
|  103 | apricot,coconut         |
|  104 | berry,lemon             |
|  105 | melon,xbabay,xxtt       |
|  107 | xxxx,xbababa            |
+------+-------------------------+
6 rows in set (0.00 sec)
```

> 提示：
>
> `HAVING` 关键字与 `WHERE` 关键字都是用来过滤数据的，两者有什么区别呢？其中重要的一点是，`HAVING` 在数据分组之后进行过滤来选择分组，而 `WHERE` 在分组之前来选择记录。另外，`WHERE` 排除的记录不再包括在分组中。

#### 12.3 在 GROUP BY 子句中使用 WITH ROLLUP

使用 `WITH ROLLUP` 关键字之后，在所有查询出的分组记录之后增加一条记录，该记录计算查询出的所有记录的总和，即统计记录数量。

```sql
mysql> SELECT s_id, COUNT(*) AS Total FROM fruits GROUP BY s_id WITH ROLLUP;
+------+-------+
| s_id | Total |
+------+-------+
|  101 |     3 |
|  102 |     3 |
|  103 |     2 |
|  104 |     2 |
|  105 |     3 |
|  106 |     1 |
|  107 |     2 |
| NULL |    16 |
+------+-------+
8 rows in set (0.00 sec)
```

由结果可以看到，通过 `GROUP BY` 分组之后，在显示结果的最后面新添加了一行，该行 Total 列的值正好是上面所有数值之和。

#### 12.4 多字段分组

使用 `GROUP BY` 可以对多个字段进行分组，`GROUP BY` 关键字后面跟需要分组的字段，MySQL 根据多字段的值来进行层次分组，分组层次从左到右，即先按第 1 个字段分组，然后在第 1 个字段值相同的记录中再根据第 2 个字段的值进行分组，以此类推：

```sql
mysql> SELECT * FROM fruits GROUP BY s_id, f_name;
```

> 注意：需要高版本 MySQL 才支持，应该只是是 MySQL 6.x 以上。

#### 12.5 GROUP BY 和 ORDER BY 一起使用

为了演示效果，首先创建数据表，SQL 语句如下：

```sql
CREATE TABLE orderitems
(
  o_num      int          NOT NULL,
  o_item     int          NOT NULL,
  f_id       char(10)     NOT NULL,
  quantity   int          NOT NULL,
  item_price decimal(8,2) NOT NULL,
  PRIMARY KEY (o_num,o_item)
) ;

INSERT INTO orderitems(o_num, o_item, f_id, quantity, item_price)
VALUES(30001, 1, 'a1', 10, 5.2),
(30001, 2, 'b2', 3, 7.6),
(30001, 3, 'bs1', 5, 11.2),
(30001, 4, 'bs2', 15, 9.2),
(30002, 1, 'b3', 2, 20.0),
(30003, 1, 'c0', 100, 10),
(30004, 1, 'o2', 50, 2.50),
(30005, 1, 'c0', 5, 10),
(30005, 2, 'b1', 10, 8.99),
(30005, 3, 'a2', 10, 2.2),
(30005, 4, 'm1', 5, 14.99);
```

例如：

```sql
mysql> SELECT o_num, SUM(quantity * item_price) AS orderTotal FROM orderitems GROUP BY o_num HAVING SUM(quantity * item_price) >= 100;
+-------+------------+
| o_num | orderTotal |
+-------+------------+
| 30001 |     268.80 |
| 30003 |    1000.00 |
| 30004 |     125.00 |
| 30005 |     236.85 |
+-------+------------+
4 rows in set (0.00 sec)

mysql> SELECT o_num, SUM(quantity * item_price) AS orderTotal FROM orderitems GROUP BY o_num HAVING SUM(quantity * item_price) >= 100 ORDER BY orderTotal;
+-------+------------+
| o_num | orderTotal |
+-------+------------+
| 30004 |     125.00 |
| 30005 |     236.85 |
| 30001 |     268.80 |
| 30003 |    1000.00 |
+-------+------------+
4 rows in set (0.00 sec)
```

> 注意：
>
> 当使用 `ROLLUP` 时，不能同时使用 `ORDER BY` 子句进行结果排序，即 `ROLLUP` 和 `ORDER BY` 是相互排斥的。

### 13. 使用 LIMIT 限制查询结果的数量

`SELECT` 返回所有匹配的行，有可能是表中所有的行，若仅仅需要返回第一行或者前几行，可使用 `LIMIT` 关键字，基本语法格式如下：

```sql
LIMIT [位置偏移值,] 行数
```

第一个 "位置偏移量" 参数指示 MySQL 从哪一行开始显示，是一个可选参数，如果不指定 "位置偏移量"，将会从表中的第一条记录开始（第一条记录的位置偏移量是 0，第二条记录的位置偏移量是 1，以此类推）；第二个参数 "行数" 指示返回的记录条数。

```sql
mysql> SELECT * FROM fruits LIMIT 4;
+------+------+------------+---------+
| f_id | s_id | f_name     | f_price |
+------+------+------------+---------+
| a1   |  101 | apple      |    5.20 |
| a2   |  103 | apricot    |    2.20 |
| b1   |  101 | blackberry |   10.20 |
| b2   |  104 | berry      |    7.60 |
+------+------+------------+---------+
4 rows in set (0.00 sec)
```

如果指定返回记录的开始位置，那么返回结果为从 "位置偏移量" 参数开始的指定行数，"行数" 参数指定返回的记录条数。

```sql
mysql> SELECT * FROM fruits LIMIT 4, 3;
+------+------+--------+---------+
| f_id | s_id | f_name | f_price |
+------+------+--------+---------+
| b5   |  107 | xxxx   |    3.60 |
| bs1  |  102 | orange |   11.20 |
| bs2  |  105 | melon  |    8.20 |
+------+------+--------+---------+
3 rows in set (0.00 sec)
```

> 提示：
>
> MySQL 8.0 中可以使用 `LIMIT 4 OFFSET 3`，意思是获取从第 5 条记录开始后面的 3 条记录，和 `LIMIT 4, 3;` 返回的结果相同。
