[toc]

子查询指一个查询语句嵌套在另一个查询语句内部的查询，这个特性从 `MySQL 4.1` 开始引入。在 `SELECT` 子句中先计算查询，子查询结果作为外层另一个查询的过滤条件，查询可以给予一个表或者多个表。子查询中常用的操作符有 `ANY`（`SOME`）、`ALL`、`IN`、`EXISTS`。子查询可以添加到 `SELECT`、`UPDATE` 和 `DELETE` 语句中，而且可以进行多层嵌套。子查询中也可以使用比较运算符，如 `<`、`<=`、`>`、`>=` 和 `!=` 等。

### 1. 带 ANY、SOME 关键字的子查询

`ANY` 和 `SOME` 关键字是同义词，表示满足其中任一条件，它们允许创建一个表达式对子查询的返回值列表进行比较，只要满足内层子查询中的任何一个比较条件，就返回一个结果作为外层查询的条件。

下面定义两个表 `tbl1` 和 `tbl2`：

```sql
CREATE table tbl1 ( num1 INT NOT NULL);
CREATE table tbl2 ( num2 INT NOT NULL);
```

分别向两个表中插入数据：

```sql
INSERT INTO tbl1 values(1), (5), (13), (27);
INSERT INTO tbl2 values(6), (14), (11), (20);
```

`ANY` 关键字接在一个比较操作符的后面，表示若与子查询返回的任何值比较为 `TRUE`，则返回 `TRUE`。

```sql
mysql> SELECT num1 FROM tbl1 WHERE num1 > ANY (SELECT num2 FROM tbl2);
+------+
| num1 |
+------+
|   13 |
|   27 |
+------+
2 rows in set (0.00 sec)
```

### 2. 带 ALL 关键字的子查询

`ALL` 关键字与 `ANY` 和 `SOME` 不同，使用 `ALL` 时需要同时满足所有内层查询的条件。

`ALL` 关键字接在一个比较操作符的后面，表示与子查询返回的所有值比较为 `TRUE`，则返回 `TRUE`。

```sql
mysql> SELECT num1 FROM tbl1 WHERE num1 > ALL (SELECT num2 FROM tbl2);
+------+
| num1 |
+------+
|   27 |
+------+
1 row in set (0.00 sec)
```

### 3. 带 EXISTS 关键字的子查询

`EXISTS` 关键字后面的参数是一个任意的子查询，系统对子查询进行运算以判断它是否返回行，如果至少返回一行，那么 `EXISTS` 的结果为 `TRUE`，此时外层查询语句将进行查询；如果子查询没有返回任何行，那么 `EXISTS` 返回的结果是 `FALSE`，此时外层语句将不进行查询。

```sql
mysql> SELECT * FROM fruits WHERE EXISTS (SELECT s_name FROM suppliers WHERE s_id = 107);
+------+------+------------+---------+
| f_id | s_id | f_name     | f_price |
+------+------+------------+---------+
| a1   |  101 | apple      |    5.20 |
| a2   |  103 | apricot    |    2.20 |
| b1   |  101 | blackberry |   10.20 |
| b2   |  104 | berry      |    7.60 |
| b5   |  107 | xxxx       |    3.60 |
| bs1  |  102 | orange     |   11.20 |
| bs2  |  105 | melon      |    8.20 |
| c0   |  101 | cherry     |    3.20 |
| l2   |  104 | lemon      |    6.40 |
| m1   |  106 | mango      |   15.60 |
| m2   |  105 | xbabay     |    2.60 |
| m3   |  105 | xxtt       |   11.60 |
| o2   |  103 | coconut    |    9.20 |
| t1   |  102 | banana     |   10.30 |
| t2   |  102 | grape      |    5.30 |
| t4   |  107 | xbababa    |    3.60 |
+------+------+------------+---------+
16 rows in set (0.00 sec)
```

`EXISTS` 关键字可以和条件表达式一起使用：

```sql
mysql> SELECT * FROM fruits WHERE f_price > 10.2 AND EXISTS (SELECT s_name FROM suppliers WHERE s_id = 107);
+------+------+--------+---------+
| f_id | s_id | f_name | f_price |
+------+------+--------+---------+
| bs1  |  102 | orange |   11.20 |
| m1   |  106 | mango  |   15.60 |
| m3   |  105 | xxtt   |   11.60 |
| t1   |  102 | banana |   10.30 |
+------+------+--------+---------+
4 rows in set (0.00 sec)
```

`NOT EXISTS` 与 `EXISTS` 使用方法相同，返回的结果相反：

```sql
mysql> SELECT * FROM fruits WHERE NOT EXISTS (SELECT s_name FROM suppliers WHERE
 s_id = 107);
Empty set (0.00 sec)
```

> 提示：`EXISTS` 和 `NOT EXISTS` 的结果只取决于是否会返回行，而不取决于这些行的内容，所以这个子查询输入列表通常是无关紧要的。

### 4. 带 IN 关键字的子查询

`IN` 关键字进行子查询时，内层查询语句仅仅返回一个数据列，这个数据列里的值将提供给外层查询语句进行比较操作。

```sql
mysql> SELECT c_id FROM orders WHERE o_num IN (SELECT o_num FROM orderitems WHERE f_id = 'c0');
+-------+
| c_id  |
+-------+
| 10004 |
| 10001 |
+-------+
2 rows in set (0.01 sec)
```

单独执行内查询结果如下：

```sql
mysql> SELECT o_num FROM orderitems WHERE f_id = 'c0';
+-------+
| o_num |
+-------+
| 30003 |
| 30005 |
+-------+
2 rows in set (0.00 sec)
```

因此嵌套子查询语句可以写成如下形式：

```sql
mysql> SELECT c_id FROM orders WHERE o_num IN (30003, 30005);
+-------+
| c_id  |
+-------+
| 10004 |
| 10001 |
+-------+
2 rows in set (0.00 sec)
```

`SELECT` 语句中可以使用 `NOT IN` 关键字，其作用与 `IN` 正好相反。

```sql
mysql> SELECT c_id FROM orders WHERE o_num NOT IN (SELECT o_num FROM orderitems
WHERE f_id = 'c0');
+-------+
| c_id  |
+-------+
| 10001 |
| 10003 |
| 10005 |
+-------+
3 rows in set (0.01 sec)
```

### 5. 带比较运算符的子查询

子查询时还可以使用其他的比较运算符，如 `<`、`<=`、`>`、`>=` 、`<>` 和 `!=` 等。

```sql
mysql> SELECT s_id, f_name FROM fruits WHERE s_id = (SELECT s1.s_id FROM suppliers AS s1 WHERE s1.s_city = 'Tianjin');
+------+------------+
| s_id | f_name     |
+------+------------+
|  101 | apple      |
|  101 | blackberry |
|  101 | cherry     |
+------+------------+
3 rows in set (0.00 sec)
```

