`TAN(x)` 返回 `x` 的正切，其中 `x` 为给定的弧度值。

```sql
mysql> SELECT TAN(0.3), ROUND(TAN(PI() / 4));
+---------------------+----------------------+
| TAN(0.3)            | ROUND(TAN(PI() / 4)) |
+---------------------+----------------------+
| 0.30933624960962325 |                    1 |
+---------------------+----------------------+
1 row in set (0.00 sec)
```

`ATAN(x)` 返回 `x` 的反正切，即正切为 `x` 的值。

```sql
mysql> SELECT ATAN(0.30933624960962325), ATAN(1);
+---------------------------+--------------------+
| ATAN(0.30933624960962325) | ATAN(1)            |
+---------------------------+--------------------+
|                       0.3 | 0.7853981633974483 |
+---------------------------+--------------------+
1 row in set (0.00 sec)
```

`COT(x)` 返回 `x` 的余切。

```sql
mysql> SELECT COT(0.3), 1/TAN(0.3), COT(PI() / 4);
+--------------------+--------------------+--------------------+
| COT(0.3)           | 1/TAN(0.3)         | COT(PI() / 4)      |
+--------------------+--------------------+--------------------+
| 3.2327281437658275 | 3.2327281437658275 | 1.0000000000000002 |
+--------------------+--------------------+--------------------+
1 row in set (0.00 sec)
```

