`RADIANS(x)` 将参数 `x` 由角度转化为弧度：

```sql
mysql> SELECT RADIANS(90), RADIANS(180);
+--------------------+-------------------+
| RADIANS(90)        | RADIANS(180)      |
+--------------------+-------------------+
| 1.5707963267948966 | 3.141592653589793 |
+--------------------+-------------------+
1 row in set (0.00 sec)
```

`DEGREES(x)` 将参数 `x` 由弧度转化为角度。

```sql
mysql> SELECT DEGREES(PI()), DEGREES(PI() / 2);
+---------------+-------------------+
| DEGREES(PI()) | DEGREES(PI() / 2) |
+---------------+-------------------+
|           180 |                90 |
+---------------+-------------------+
1 row in set (0.00 sec)
```

