`DATE_FORMAT(date, format)` 根据 `format` 指定的格式显示 `date` 值。主要 `format` 格式如下表：

| 说明符     | 说明                                                         |
| ---------- | ------------------------------------------------------------ |
| `%a`       | 工作日的缩写名称（`Sun ... Sat`）                            |
| `%b`       | 月份的缩写名称（`Jan ... Dec`）                              |
| `%c`       | 月份，数字形式（ `0 ... 12`）                                |
| `%D`       | 以英文后缀表示月中的几号 （ 1st, 2nd, ...）                  |
| `%d`       | 该月日期，数字形式（00 ... 31）                              |
| `%e`       | 该月日期，数字形式（0 ... 31）                               |
| `%f`       | 微妙（000000...999999）                                      |
| `%H`       | 以 2 为数表示 24 小时（00 ... 23）                           |
| `%h`，`%I` | 以 2 位数表示 12 小时（01 ... 12）                           |
| `i`        | 分钟，数字形式（00 ... 59）                                  |
| `%j`       | 一年中的天数（001 ... 366）                                  |
| `%k`       | 以 24（0 ... 23）小时表示时间                                |
| `%l`       | 以 12 （1 ... 12）小时表示时间                               |
| `%M`       | 月份名称（January ... December）                             |
| `%m`       | 月份，数字形式（00 ... 12）                                  |
| `%p`       | 上午（AM）或下午（PM）                                       |
| `%r`       | 时间，12 小时制（小时 hh：分钟 mm: 秒数 ss 后加 AM 或 PM     |
| `%S`，`%s` | 以 2 位数形式表示秒（00 ... 59）                             |
| `%T`       | 时间，24 小时制（小时 hh: 分钟 mm: 秒数 ss）                 |
| `%U`       | 周（00 ... 53），其中周日为每周的第一天                      |
| `%u`       | 周（00 ... 53），其中周一为每周的第一天                      |
| `%V`       | 周（01 ... 53），其中周日为每周的第一天；和 `%X` 同时使用    |
| `%v`       | 周（01 ... 53），其中周一为每周的第一天；和 `%x` 同时使用    |
| `%W`       | 工作日名称（周日 ... 周六）                                  |
| `%w`       | 一周中的每日（0 = 周日 ... 6 = 周六）                        |
| `%X`       | 该周的年份，其中周日为每周的第一天；数字形式，4 位数： 和 `%V` 同时使用 |
| `%x`       | 该周的年份，其中周一为每周的第一天；数字形式，4 位数：和 `%v` 同时使用 |
| `%Y`       | 4 位数形式表示年份                                           |
| `%y`       | 2 位数形式表示年份                                           |
| `%%`       | 标识符 %                                                     |

```sql
mysql> SELECT DATE_FORMAT('1997-10-04 22:23:00', '%W %M %Y') AS col1, DATE_FORMAT('1997-10-04 22:23:00', '%D %Y %a %d %m %b %j') AS col2;
+-----------------------+----------------------------+
| col1                  | col2                       |
+-----------------------+----------------------------+
| Saturday October 1997 | 4th 1997 Sat 04 10 Oct 277 |
+-----------------------+----------------------------+
1 row in set (0.00 sec)
```

`TIME_FORMAT(time, format)` 根据表达式 `format` 的要求显示时间 `time`。表达式 `format` 指定了显示的格式。因为 `TIME_FORMAT(time, format)` 只处理时间，所以 `format` 只使用时间格式。

```sql
mysql> SELECT TIME_FORMAT('16:00:00', '%H %k %h %I %l');
+-------------------------------------------+
| TIME_FORMAT('16:00:00', '%H %k %h %I %l') |
+-------------------------------------------+
| 16 16 04 04 4                             |
+-------------------------------------------+
1 row in set (0.00 sec)
```

`GET_FORMAT(val_type, format_type)` 返回日期时间字符串的显示格式，`val_type` 表示日期数据类型，包括 `DATE`、`DATETIME` 和 `TIME`；`format_type` 表示格式化显示类型，包括 `EUR`、`INTERVAL`、`ISO`、`JIS`，`USA`。`GET_FORMAT` 根据两个值类型组合返回的字符串显示格式如下表所示：

| 值类型     | 格式化类型 | 显示格式字符串      |
| ---------- | ---------- | ------------------- |
| `DATE`     | `EUR`      | `%d.%m.%Y`          |
| `DATE`     | `INTERVAL` | `%Y%m%d`            |
| `DATE`     | `ISO`      | `%Y-%m-%d`          |
| `DATE`     | `JIS`      | `%Y-%m-%d`          |
| `DATE`     | `USA`      | `%m.%d.%Y`          |
| `TIME`     | `EUR`      | `%H.%i.%s`          |
| `TIME`     | `INTERVAL` | `%H%i%s`            |
| `TIME`     | `ISO`      | `%H:%i:%s`          |
| `TIME`     | `JIS`      | `%H:%i:%s`          |
| `TIME`     | `USA`      | `%h:%i%s %p`        |
| `DATETIME` | `EUR`      | `%Y-%m-%d %H:%i:%s` |
| `DATETIME` | `INTERVAL` | `%Y%m%d%H%i%s`      |
| `DATETIME` | `ISO`      | `%Y-%m-%d %H:%i:%s` |
| `DATETIME` | `JIS`      | `%Y-%m-%d %H:%i:%s` |
| `DATETIME` | `USA`      | `%Y-%m-%d %H:%i:%s` |

```sql
mysql> SELECT GET_FORMAT(DATE, 'EUR'), GET_FORMAT(DATE, 'USA');
+-------------------------+-------------------------+
| GET_FORMAT(DATE, 'EUR') | GET_FORMAT(DATE, 'USA') |
+-------------------------+-------------------------+
| %d.%m.%Y                | %m.%d.%Y                |
+-------------------------+-------------------------+
1 row in set (0.00 sec)
```

```sql
mysql> SELECT GET_FORMAT(DATE, 'EUR'), GET_FORMAT(DATE, 'USA');
+-------------------------+-------------------------+
| GET_FORMAT(DATE, 'EUR') | GET_FORMAT(DATE, 'USA') |
+-------------------------+-------------------------+
| %d.%m.%Y                | %m.%d.%Y                |
+-------------------------+-------------------------+
1 row in set (0.00 sec)
```

