`TIME_TO_SEC(time)` 返回已转化为秒的 `time` 参数。转换公式为：小时 * 3600 + 分钟 * 60 + 秒。

```sql
mysql> SELECT TIME_TO_SEC('23:23:00');
+-------------------------+
| TIME_TO_SEC('23:23:00') |
+-------------------------+
|                   84180 |
+-------------------------+
1 row in set (0.00 sec)
```

`SEC_TO_TIME(seconds)` 返回被转化为小时、分钟和秒数的 `seconds` 参数值，其格式为 `HH:MM:SS` 或 `HHMMSS`，具体格式根据改函数是否用在字符串或数字语境中而定。

```sql
mysql> SELECT SEC_TO_TIME(2345), SEC_TO_TIME(2345) + 0, TIME_TO_SEC('23:23:00'), SEC_TO_TIME(84180);
+-------------------+-----------------------+-------------------------+--------------------+
| SEC_TO_TIME(2345) | SEC_TO_TIME(2345) + 0 | TIME_TO_SEC('23:23:00') | SEC_TO_TIME(84180) |
+-------------------+-----------------------+-------------------------+--------------------+
| 00:39:05          |                  3905 |                   84180 | 23:23:00           |
+-------------------+-----------------------+-------------------------+--------------------+
1 row in set (0.00 sec)
```

