`MONTH(date)` 函数返回 `date` 对应的月份，范围值为 1 ~ 12。

```sql
mysql> SELECT MONTH('2020-02-13');
+---------------------+
| MONTH('2020-02-13') |
+---------------------+
|                   2 |
+---------------------+
1 row in set (0.00 sec)
```

`MONTHNAME(date)` 函数返回日期 `date` 对应月份的英文全名。

```sql
mysql> SELECT MONTHNAME('2020-02-13');
+-------------------------+
| MONTHNAME('2020-02-13') |
+-------------------------+
| February                |
+-------------------------+
1 row in set (0.00 sec)
```

