`YEAR(date)` 返回 `date` 对应的年份，范围是1970 ~ 2069。

```sql
mysql> SELECT YEAR('18-02-03'), YEAR('96-02-03');
+------------------+------------------+
| YEAR('18-02-03') | YEAR('96-02-03') |
+------------------+------------------+
|             2018 |             1996 |
+------------------+------------------+
1 row in set (0.00 sec)
```

> 提示：00 ~ 69 转换为 2000 ~ 2069，70 ~ 99 转换为 1970 ~ 1999。

`QUARTER(date)` 返回 `date` 对应的一年中的季度值，范围是 1 ~ 4。

```sql
mysql> SELECT QUARTER('18-04-01');
+---------------------+
| QUARTER('18-04-01') |
+---------------------+
|                   2 |
+---------------------+
1 row in set (0.00 sec)
```

`MINUTE(time)` 返回 `time` 对应的分钟数，范围是 0 ~ 59。

```sql
mysql> SELECT MINUTE('18-02-03 10:10:03');
+-----------------------------+
| MINUTE('18-02-03 10:10:03') |
+-----------------------------+
|                          10 |
+-----------------------------+
1 row in set (0.00 sec)
```

`SECOND(time)` 返回 `time` 对应的秒数，范围是 0 ~ 59。

```sql
mysql> SELECT SECOND('10:05:03');
+--------------------+
| SECOND('10:05:03') |
+--------------------+
|                  3 |
+--------------------+
1 row in set (0.00 sec)
```

